<?xml version="1.0" encoding="UTF-8"?>
<!-- This file stores a copy of all RSE Systems referenced by the project 
so the systems can be automatically recreated when the project is imported in a new workspace. 
This file is automatically generated and updated by the Eclipse IDE.-->
<APSC_Memento>
<host>
<properties>
<property key="hidden.applicator.com.freescale.debugger.applicator.launchconfiguration.lc.KL26Z128_RAMCODE_01_FLASH_OpenSDA.proj.KL26Z128_RAMCODE_01" value="com.freescale.debugger.applicator.launchconfiguration.lc.KL26Z128_RAMCODE_01_FLASH_OpenSDA.proj.KL26Z128_RAMCODE_01"/>
<property key="host.address" value=""/>
<property key="host.defaultEncoding" value=""/>
<property key="host.defaultUser" value="R66120"/>
<property key="host.description" value=""/>
<property key="host.name" value="KL26Z128_RAMCODE_01_FLASH_OpenSDA"/>
<property key="host.promptable" value="false"/>
<property key="host.type" value="com.freescale.cdt.debug.cw.core.ui.rse.systemtype.bareboard.hardware"/>
<property key="propertySet.[OptionalPropertySet].enableConnectorServicesPropertyPage" value="false"/>
<property key="propertySet.[OptionalPropertySet].enableGenericHostPropertyPage" value="false"/>
<property key="propertySet.[com.pemicro.mcu.debug.connections.pne.arm].com.freescale.cdt.debug.cw.CW_SHADOWED_PREF.Embedded Initialization.simulator" value=""/>
<property key="propertySet.[com.pemicro.mcu.debug.connections.pne.arm].com.freescale.cdt.debug.cw.core.settings.GdiConnection.Common.PhysicalConnectionAttributeBase" value="com.pemicro.mcu.debug.connections.pne.arm."/>
<property key="propertySet.[com.pemicro.mcu.debug.connections.pne.arm].com.pemicro.mcu.debug.connections.pne.arm.Library" value="arm_pne_gdi"/>
<property key="propertySet.[com.pemicro.mcu.debug.connections.pne.arm].com.pemicro.mcu.debug.connections.pne.arm.RESET_DELAY" value="0"/>
<property key="propertySet.[com.pemicro.mcu.debug.connections.pne.arm].com.pemicro.mcu.debug.connections.pne.arm.STARTUP_PCI_DELAY" value="3"/>
<property key="propertySet.[com.pemicro.mcu.debug.connections.pne.arm].com.pemicro.mcu.debug.connections.pne.arm.STARTUP_PORT" value="181"/>
<property key="propertySet.[com.pemicro.mcu.debug.connections.pne.arm].com.pemicro.mcu.debug.connections.pne.arm.STARTUP_USE_SWD" value="1"/>
<property key="propertySet.[com.pemicro.mcu.debug.connections.pne.arm].com.pemicro.mcu.debug.connections.pne.arm.STARTUP_interface_selection" value="7"/>
<property key="propertySet.[cw.dbg.conn].rseSystemId" value="com.freescale.cdt.debug.cw.core.ui.rse.systemtype.bareboard.hardware.system.140707230852+0800.1"/>
<property key="propertySet.[cw.dbg.ct.bareboard.gdi].logData" value="false"/>
<property key="propertySet.[cw.dbg.ct.targetConnLost].RetryConnectionOn" value="false"/>
<property key="propertySet.[cw.dbg.ct.targetConnLost].RetryTimeout" value="20"/>
<property key="propertySet.[cw.dbg.ct.targetConnLost].RetryWithTimeoutOn" value="false"/>
<property key="propertySet.[cw.dbg.ct.targetConnLost].TerminateConnectionOn" value="false"/>
<property key="propertySet.[cw.dbg.ct.targetConnLost].retryPromptUserActionOn" value="true"/>
<property key="propertySet.[cw.dbg.ct].Connection Type" value="com.pemicro.mcu.debug.connections.pne.arm"/>
<property key="propertySet.[cw.ide.settingscache].hidden.HostID" value="com.freescale.cdt.debug.cw.core.ui.rse.systemtype.bareboard.hardware.140707230852+0800.1"/>
<property key="propertySet.[cw.ide.settingscache].hidden.TimeStamp" value="1404745735375"/>
</properties>
</host>
<host>
<properties>
<property key="host.address" value=""/>
<property key="host.defaultEncoding" value=""/>
<property key="host.defaultUser" value="R66120"/>
<property key="host.description" value=""/>
<property key="host.name" value="KL26Z128_RAMCODE_01_FLASH_OpenSDA Target"/>
<property key="host.promptable" value="false"/>
<property key="host.type" value="com.freescale.cdt.debug.cw.core.ui.rse.systemtype.bareboard.hardware.system"/>
<property key="propertySet.[OptionalPropertySet].enableConnectorServicesPropertyPage" value="false"/>
<property key="propertySet.[OptionalPropertySet].enableGenericHostPropertyPage" value="false"/>
<property key="propertySet.[cw.dbg.ct.bareboard.ondemand].com.freescale.cw.system.kinetis.KL26Z.KL26Z128M4.0.KL26Z128M4.resetOrder" value="0"/>
<property key="propertySet.[cw.dbg.ct.bareboard.ondemand].enableHSSTIOModelConfig" value="false"/>
<property key="propertySet.[cw.dbg.ct.bareboard.ondemand].enableNetworkIOModelConfig" value="false"/>
<property key="propertySet.[cw.dbg.ct.bareboard.ondemand].enableSerialIOModelConfig" value="false"/>
<property key="propertySet.[cw.dbg.ct.bareboard.ondemand].enableStopTransferIOModelConfig" value="true"/>
<property key="propertySet.[cw.dbg.ct.bareboard.ondemand].ethernetController" value="UEC1"/>
<property key="propertySet.[cw.dbg.ct.bareboard.ondemand].executePerCoreReset" value="false"/>
<property key="propertySet.[cw.dbg.ct.bareboard.ondemand].executePerProcessorReset" value="false"/>
<property key="propertySet.[cw.dbg.ct.bareboard.ondemand].executeReset" value="true"/>
<property key="propertySet.[cw.dbg.ct.bareboard.ondemand].initPath" value="${ProjDirPath}/Project_Settings/Debugger/init_kinetis.tcl"/>
<property key="propertySet.[cw.dbg.ct.bareboard.ondemand].memConfigPath" value="${ProjDirPath}/Project_Settings/Debugger/MKL26Z128.mem"/>
<property key="propertySet.[cw.dbg.ct.bareboard.ondemand].networkDebuggerAddress" value="127.0.0.1"/>
<property key="propertySet.[cw.dbg.ct.bareboard.ondemand].networkGateway" value="127.0.0.1"/>
<property key="propertySet.[cw.dbg.ct.bareboard.ondemand].networkMACAddress" value="**-**-**-**-**-**"/>
<property key="propertySet.[cw.dbg.ct.bareboard.ondemand].networkNetMask" value="255.255.255.255"/>
<property key="propertySet.[cw.dbg.ct.bareboard.ondemand].networkTargetAddress" value="127.0.0.1"/>
<property key="propertySet.[cw.dbg.ct.bareboard.ondemand].networkUDPPort" value="1234"/>
<property key="propertySet.[cw.dbg.ct.bareboard.ondemand].noIOModelConfig" value="false"/>
<property key="propertySet.[cw.dbg.ct.bareboard.ondemand].runOutOfReset" value="false"/>
<property key="propertySet.[cw.dbg.ct.bareboard.ondemand].targetIsPalladium" value="false"/>
<property key="propertySet.[cw.dbg.ct.bareboard.ondemand].useInitFile" value="true"/>
<property key="propertySet.[cw.dbg.ct.bareboard.ondemand].useMemoryConfigFile" value="true"/>
<property key="propertySet.[cw.dbg.ct.bareboard.ondemand].useNetworkGateway" value="false"/>
<property key="propertySet.[cw.dbg.ct.bareboard.ondemand].useNetworkMACAddress" value="false"/>
<property key="propertySet.[cw.dbg.ct.bareboard.ondemand].useNetworkUDPPort" value="false"/>
<property key="propertySet.[cw.dbg.ct.bareboard].enableHSSTIOModelConfig" value="false"/>
<property key="propertySet.[cw.dbg.ct.bareboard].enableNetworkIOModelConfig" value="false"/>
<property key="propertySet.[cw.dbg.ct.bareboard].enableSerialIOModelConfig" value="false"/>
<property key="propertySet.[cw.dbg.ct.bareboard].enableStopTransferIOModelConfig" value="true"/>
<property key="propertySet.[cw.dbg.ct.bareboard].ethernetController" value="UEC1"/>
<property key="propertySet.[cw.dbg.ct.bareboard].executeReset" value="true"/>
<property key="propertySet.[cw.dbg.ct.bareboard].initPath" value="${ProjDirPath}/Project_Settings/Debugger/init_kinetis.tcl"/>
<property key="propertySet.[cw.dbg.ct.bareboard].memConfigPath" value="${ProjDirPath}/Project_Settings/Debugger/MKL26Z128.mem"/>
<property key="propertySet.[cw.dbg.ct.bareboard].networkDebuggerAddress" value="127.0.0.1"/>
<property key="propertySet.[cw.dbg.ct.bareboard].networkGateway" value="127.0.0.1"/>
<property key="propertySet.[cw.dbg.ct.bareboard].networkMACAddress" value="**-**-**-**-**-**"/>
<property key="propertySet.[cw.dbg.ct.bareboard].networkNetMask" value="255.255.255.255"/>
<property key="propertySet.[cw.dbg.ct.bareboard].networkTargetAddress" value="127.0.0.1"/>
<property key="propertySet.[cw.dbg.ct.bareboard].networkUDPPort" value="1234"/>
<property key="propertySet.[cw.dbg.ct.bareboard].noIOModelConfig" value="false"/>
<property key="propertySet.[cw.dbg.ct.bareboard].runOutOfReset" value="false"/>
<property key="propertySet.[cw.dbg.ct.bareboard].targetIsPalladium" value="false"/>
<property key="propertySet.[cw.dbg.ct.bareboard].useInitFile" value="true"/>
<property key="propertySet.[cw.dbg.ct.bareboard].useMemoryConfigFile" value="true"/>
<property key="propertySet.[cw.dbg.ct.bareboard].useNetworkGateway" value="false"/>
<property key="propertySet.[cw.dbg.ct.bareboard].useNetworkMACAddress" value="false"/>
<property key="propertySet.[cw.dbg.ct.bareboard].useNetworkUDPPort" value="false"/>
<property key="propertySet.[cw.dbg.main].systemType" value="com.freescale.cw.system.kinetis.KL26Z.KL26Z128M4"/>
<property key="propertySet.[cw.ide.settingscache].hidden.HostID" value="com.freescale.cdt.debug.cw.core.ui.rse.systemtype.bareboard.hardware.system.140707230852+0800.1"/>
<property key="propertySet.[cw.ide.settingscache].hidden.TimeStamp" value="1404745735375"/>
</properties>
</host>
<host>
<properties>
<property key="hidden.applicator.com.freescale.debugger.applicator.launchconfiguration.lc.KL26Z128_RAMCODE_01_FLASH_PnE U-MultiLink.proj.KL26Z128_RAMCODE_01" value="com.freescale.debugger.applicator.launchconfiguration.lc.KL26Z128_RAMCODE_01_FLASH_PnE U-MultiLink.proj.KL26Z128_RAMCODE_01"/>
<property key="host.address" value=""/>
<property key="host.defaultEncoding" value=""/>
<property key="host.defaultUser" value="R66120"/>
<property key="host.description" value=""/>
<property key="host.name" value="KL26Z128_RAMCODE_01_FLASH_PnE U-MultiLink"/>
<property key="host.promptable" value="false"/>
<property key="host.type" value="com.freescale.cdt.debug.cw.core.ui.rse.systemtype.bareboard.hardware"/>
<property key="propertySet.[OptionalPropertySet].enableConnectorServicesPropertyPage" value="false"/>
<property key="propertySet.[OptionalPropertySet].enableGenericHostPropertyPage" value="false"/>
<property key="propertySet.[com.pemicro.mcu.debug.connections.pne.arm].com.freescale.cdt.debug.cw.CW_SHADOWED_PREF.Embedded Initialization.simulator" value=""/>
<property key="propertySet.[com.pemicro.mcu.debug.connections.pne.arm].com.freescale.cdt.debug.cw.core.settings.GdiConnection.Common.PhysicalConnectionAttributeBase" value="com.pemicro.mcu.debug.connections.pne.arm."/>
<property key="propertySet.[com.pemicro.mcu.debug.connections.pne.arm].com.pemicro.mcu.debug.connections.pne.arm.Library" value="arm_pne_gdi"/>
<property key="propertySet.[com.pemicro.mcu.debug.connections.pne.arm].com.pemicro.mcu.debug.connections.pne.arm.STARTUP_PCI_DELAY" value="0"/>
<property key="propertySet.[com.pemicro.mcu.debug.connections.pne.arm].com.pemicro.mcu.debug.connections.pne.arm.STARTUP_PORT" value="21"/>
<property key="propertySet.[com.pemicro.mcu.debug.connections.pne.arm].com.pemicro.mcu.debug.connections.pne.arm.STARTUP_USE_SWD" value="1"/>
<property key="propertySet.[com.pemicro.mcu.debug.connections.pne.arm].com.pemicro.mcu.debug.connections.pne.arm.STARTUP_interface_selection" value="1"/>
<property key="propertySet.[cw.dbg.conn].rseSystemId" value="com.freescale.cdt.debug.cw.core.ui.rse.systemtype.bareboard.hardware.system.140707230852+0800"/>
<property key="propertySet.[cw.dbg.ct.bareboard.gdi].logData" value="false"/>
<property key="propertySet.[cw.dbg.ct.targetConnLost].RetryConnectionOn" value="false"/>
<property key="propertySet.[cw.dbg.ct.targetConnLost].RetryTimeout" value="20"/>
<property key="propertySet.[cw.dbg.ct.targetConnLost].RetryWithTimeoutOn" value="false"/>
<property key="propertySet.[cw.dbg.ct.targetConnLost].TerminateConnectionOn" value="false"/>
<property key="propertySet.[cw.dbg.ct.targetConnLost].retryPromptUserActionOn" value="true"/>
<property key="propertySet.[cw.dbg.ct].Connection Type" value="com.pemicro.mcu.debug.connections.pne.arm"/>
<property key="propertySet.[cw.ide.settingscache].hidden.HostID" value="com.freescale.cdt.debug.cw.core.ui.rse.systemtype.bareboard.hardware.140707230852+0800"/>
<property key="propertySet.[cw.ide.settingscache].hidden.TimeStamp" value="1404745735375"/>
</properties>
</host>
<host>
<properties>
<property key="host.address" value=""/>
<property key="host.defaultEncoding" value=""/>
<property key="host.defaultUser" value="R66120"/>
<property key="host.description" value=""/>
<property key="host.name" value="KL26Z128_RAMCODE_01_FLASH_PnE U-MultiLink Target"/>
<property key="host.promptable" value="false"/>
<property key="host.type" value="com.freescale.cdt.debug.cw.core.ui.rse.systemtype.bareboard.hardware.system"/>
<property key="propertySet.[OptionalPropertySet].enableConnectorServicesPropertyPage" value="false"/>
<property key="propertySet.[OptionalPropertySet].enableGenericHostPropertyPage" value="false"/>
<property key="propertySet.[cw.dbg.ct.bareboard].enableHSSTIOModelConfig" value="false"/>
<property key="propertySet.[cw.dbg.ct.bareboard].enableNetworkIOModelConfig" value="false"/>
<property key="propertySet.[cw.dbg.ct.bareboard].enableSerialIOModelConfig" value="false"/>
<property key="propertySet.[cw.dbg.ct.bareboard].enableStopTransferIOModelConfig" value="true"/>
<property key="propertySet.[cw.dbg.ct.bareboard].ethernetController" value="UEC1"/>
<property key="propertySet.[cw.dbg.ct.bareboard].executeReset" value="true"/>
<property key="propertySet.[cw.dbg.ct.bareboard].initPath" value="${ProjDirPath}/Project_Settings/Debugger/init_kinetis.tcl"/>
<property key="propertySet.[cw.dbg.ct.bareboard].memConfigPath" value="${ProjDirPath}/Project_Settings/Debugger/MKL26Z128.mem"/>
<property key="propertySet.[cw.dbg.ct.bareboard].networkDebuggerAddress" value="127.0.0.1"/>
<property key="propertySet.[cw.dbg.ct.bareboard].networkGateway" value="127.0.0.1"/>
<property key="propertySet.[cw.dbg.ct.bareboard].networkMACAddress" value="**-**-**-**-**-**"/>
<property key="propertySet.[cw.dbg.ct.bareboard].networkNetMask" value="255.255.255.255"/>
<property key="propertySet.[cw.dbg.ct.bareboard].networkTargetAddress" value="127.0.0.1"/>
<property key="propertySet.[cw.dbg.ct.bareboard].networkUDPPort" value="1234"/>
<property key="propertySet.[cw.dbg.ct.bareboard].noIOModelConfig" value="false"/>
<property key="propertySet.[cw.dbg.ct.bareboard].runOutOfReset" value="false"/>
<property key="propertySet.[cw.dbg.ct.bareboard].targetIsPalladium" value="false"/>
<property key="propertySet.[cw.dbg.ct.bareboard].useInitFile" value="true"/>
<property key="propertySet.[cw.dbg.ct.bareboard].useMemoryConfigFile" value="true"/>
<property key="propertySet.[cw.dbg.ct.bareboard].useNetworkGateway" value="false"/>
<property key="propertySet.[cw.dbg.ct.bareboard].useNetworkMACAddress" value="false"/>
<property key="propertySet.[cw.dbg.ct.bareboard].useNetworkUDPPort" value="false"/>
<property key="propertySet.[cw.dbg.main].systemType" value="com.freescale.cw.system.kinetis.KL26Z.KL26Z128M4"/>
<property key="propertySet.[cw.ide.settingscache].hidden.HostID" value="com.freescale.cdt.debug.cw.core.ui.rse.systemtype.bareboard.hardware.system.140707230852+0800"/>
<property key="propertySet.[cw.ide.settingscache].hidden.TimeStamp" value="1404745735375"/>
</properties>
</host>
<host>
<properties>
<property key="hidden.applicator.com.freescale.debugger.applicator.launchconfiguration.lc.KL26Z128_RAMCODE_01_FLASH_Segger J-Link_Trace.proj.KL26Z128_RAMCODE_01" value="com.freescale.debugger.applicator.launchconfiguration.lc.KL26Z128_RAMCODE_01_FLASH_Segger J-Link_Trace.proj.KL26Z128_RAMCODE_01"/>
<property key="host.address" value=""/>
<property key="host.defaultEncoding" value=""/>
<property key="host.defaultUser" value="R66120"/>
<property key="host.description" value=""/>
<property key="host.name" value="KL26Z128_RAMCODE_01_FLASH_Segger J-Link_Trace"/>
<property key="host.promptable" value="false"/>
<property key="host.type" value="com.freescale.cdt.debug.cw.core.ui.rse.systemtype.bareboard.hardware"/>
<property key="propertySet.[OptionalPropertySet].enableConnectorServicesPropertyPage" value="false"/>
<property key="propertySet.[OptionalPropertySet].enableGenericHostPropertyPage" value="false"/>
<property key="propertySet.[com.freescale.mcu.debug.connections.jlink.arm].com.freescale.cdt.debug.cw.CW_SHADOWED_PREF.Embedded Initialization.simulator" value=""/>
<property key="propertySet.[com.freescale.mcu.debug.connections.jlink.arm].com.freescale.cdt.debug.cw.core.settings.GdiConnection.Common.PhysicalConnectionAttributeBase" value="com.freescale.mcu.debug.connections.jlink.arm."/>
<property key="propertySet.[com.freescale.mcu.debug.connections.jlink.arm].com.freescale.mcu.debug.connections.jlink.arm.Debug port interface" value="SWD"/>
<property key="propertySet.[com.freescale.mcu.debug.connections.jlink.arm].com.freescale.mcu.debug.connections.jlink.arm.Delay after reset (ms)" value="0"/>
<property key="propertySet.[com.freescale.mcu.debug.connections.jlink.arm].com.freescale.mcu.debug.connections.jlink.arm.JTAG/SWD fixed speed (Khz)" value="4000"/>
<property key="propertySet.[com.freescale.mcu.debug.connections.jlink.arm].com.freescale.mcu.debug.connections.jlink.arm.JTAG/SWD speed" value="Fixed"/>
<property key="propertySet.[com.freescale.mcu.debug.connections.jlink.arm].com.freescale.mcu.debug.connections.jlink.arm.Library" value="arm_jlink_gdi"/>
<property key="propertySet.[com.freescale.mcu.debug.connections.jlink.arm].com.freescale.mcu.debug.connections.jlink.arm.USB device" value="0"/>
<property key="propertySet.[cw.dbg.conn].rseSystemId" value="com.freescale.cdt.debug.cw.core.ui.rse.systemtype.bareboard.hardware.system.140707230852+0800.2"/>
<property key="propertySet.[cw.dbg.ct.bareboard.gdi].logData" value="false"/>
<property key="propertySet.[cw.dbg.ct.targetConnLost].RetryConnectionOn" value="false"/>
<property key="propertySet.[cw.dbg.ct.targetConnLost].RetryTimeout" value="20"/>
<property key="propertySet.[cw.dbg.ct.targetConnLost].RetryWithTimeoutOn" value="false"/>
<property key="propertySet.[cw.dbg.ct.targetConnLost].TerminateConnectionOn" value="false"/>
<property key="propertySet.[cw.dbg.ct.targetConnLost].retryPromptUserActionOn" value="true"/>
<property key="propertySet.[cw.dbg.ct].Connection Type" value="com.freescale.mcu.debug.connections.jlink.arm"/>
<property key="propertySet.[cw.ide.settingscache].hidden.HostID" value="com.freescale.cdt.debug.cw.core.ui.rse.systemtype.bareboard.hardware.140707230852+0800.2"/>
<property key="propertySet.[cw.ide.settingscache].hidden.TimeStamp" value="1404745735375"/>
</properties>
</host>
<host>
<properties>
<property key="host.address" value=""/>
<property key="host.defaultEncoding" value=""/>
<property key="host.defaultUser" value="R66120"/>
<property key="host.description" value=""/>
<property key="host.name" value="KL26Z128_RAMCODE_01_FLASH_Segger J-Link_Trace Target"/>
<property key="host.promptable" value="false"/>
<property key="host.type" value="com.freescale.cdt.debug.cw.core.ui.rse.systemtype.bareboard.hardware.system"/>
<property key="propertySet.[OptionalPropertySet].enableConnectorServicesPropertyPage" value="false"/>
<property key="propertySet.[OptionalPropertySet].enableGenericHostPropertyPage" value="false"/>
<property key="propertySet.[cw.dbg.ct.bareboard].enableHSSTIOModelConfig" value="false"/>
<property key="propertySet.[cw.dbg.ct.bareboard].enableNetworkIOModelConfig" value="false"/>
<property key="propertySet.[cw.dbg.ct.bareboard].enableSerialIOModelConfig" value="false"/>
<property key="propertySet.[cw.dbg.ct.bareboard].enableStopTransferIOModelConfig" value="true"/>
<property key="propertySet.[cw.dbg.ct.bareboard].ethernetController" value="UEC1"/>
<property key="propertySet.[cw.dbg.ct.bareboard].executeReset" value="true"/>
<property key="propertySet.[cw.dbg.ct.bareboard].initPath" value="${ProjDirPath}/Project_Settings/Debugger/init_kinetis.tcl"/>
<property key="propertySet.[cw.dbg.ct.bareboard].memConfigPath" value="${ProjDirPath}/Project_Settings/Debugger/MKL26Z128.mem"/>
<property key="propertySet.[cw.dbg.ct.bareboard].networkDebuggerAddress" value="127.0.0.1"/>
<property key="propertySet.[cw.dbg.ct.bareboard].networkGateway" value="127.0.0.1"/>
<property key="propertySet.[cw.dbg.ct.bareboard].networkMACAddress" value="**-**-**-**-**-**"/>
<property key="propertySet.[cw.dbg.ct.bareboard].networkNetMask" value="255.255.255.255"/>
<property key="propertySet.[cw.dbg.ct.bareboard].networkTargetAddress" value="127.0.0.1"/>
<property key="propertySet.[cw.dbg.ct.bareboard].networkUDPPort" value="1234"/>
<property key="propertySet.[cw.dbg.ct.bareboard].noIOModelConfig" value="false"/>
<property key="propertySet.[cw.dbg.ct.bareboard].runOutOfReset" value="false"/>
<property key="propertySet.[cw.dbg.ct.bareboard].targetIsPalladium" value="false"/>
<property key="propertySet.[cw.dbg.ct.bareboard].useInitFile" value="true"/>
<property key="propertySet.[cw.dbg.ct.bareboard].useMemoryConfigFile" value="true"/>
<property key="propertySet.[cw.dbg.ct.bareboard].useNetworkGateway" value="false"/>
<property key="propertySet.[cw.dbg.ct.bareboard].useNetworkMACAddress" value="false"/>
<property key="propertySet.[cw.dbg.ct.bareboard].useNetworkUDPPort" value="false"/>
<property key="propertySet.[cw.dbg.main].systemType" value="com.freescale.cw.system.kinetis.KL26Z.KL26Z128M4"/>
<property key="propertySet.[cw.ide.settingscache].hidden.HostID" value="com.freescale.cdt.debug.cw.core.ui.rse.systemtype.bareboard.hardware.system.140707230852+0800.2"/>
<property key="propertySet.[cw.ide.settingscache].hidden.TimeStamp" value="1404745735375"/>
</properties>
</host>
</APSC_Memento>